7890, 111, {"firsttimebuyer":"true"}
7890, 222,{"firsttimebuyer":"false"}
7890, 333,{"firsttimebuyer":""}
7890, 444,{}
7890, 555,{"firsttimebuyer":"true"}
7890, 111, {"firsttimebuyer":"true"}
7890, 222,{"firsttimebuyer":"false"}
7890, 333,{"firsttimebuyer":""}
7890, 444,{}
7890, 555,{"firsttimebuyer":"true"}
7890, 111, {"firsttimebuyer":"true"}
7890, 222,{"firsttimebuyer":"false"}
7890, 333,{"firsttimebuyer":""}
7890, 444,{}
7890, 555,{"firsttimebuyer":"true"}
7890, 111, {"firsttimebuyer":"true"}
7890, 222,{"firsttimebuyer":"false"}
7890, 333,{"firsttimebuyer":""}
7890, 444,{}
7890, 555,{"firsttimebuyer":"true"}
7890, 111, {"firsttimebuyer":"true"}
7890, 222,{"firsttimebuyer":"false"}
7890, 333,{"firsttimebuyer":""}
7890, 444,{}
7890, 555,{"firsttimebuyer":"true"}
7890, 111, {"firsttimebuyer":"true"}
7890, 222,{"firsttimebuyer":"false"}
7890, 333,{"firsttimebuyer":""}
7890, 444,{}
7890, 555,{"firsttimebuyer":"true"}
7890, 111, {"firsttimebuyer":"true"}
7890, 222,{"firsttimebuyer":"false"}
7890, 333,{"firsttimebuyer":""}
7890, 444,{}
7890, 555,{"firsttimebuyer":"true"}
7890, 111, {"firsttimebuyer":"true"}
7890, 222,{"firsttimebuyer":"false"}
7890, 333,{"firsttimebuyer":""}
7890, 444,{}
7890, 555,{"firsttimebuyer":"true"}
7890, 111, {"firsttimebuyer":"true"}
7890, 222,{"firsttimebuyer":"false"}
7890, 333,{"firsttimebuyer":""}
7890, 444,{}
7890, 555,{"firsttimebuyer":"true"}
7890, 111, {"firsttimebuyer":"true"}
7890, 222,{"firsttimebuyer":"false"}
7890, 333,{"firsttimebuyer":""}
7890, 444,{}
7890, 555,{"firsttimebuyer":"true"}
7890, 111, {"firsttimebuyer":"true"}
7890, 222,{"firsttimebuyer":"false"}
7890, 333,{"firsttimebuyer":""}
7890, 444,{}
7890, 555,{"firsttimebuyer":"true"}
7890, 111, {"firsttimebuyer":"true"}
7890, 222,{"firsttimebuyer":"false"}
7890, 333,{"firsttimebuyer":""}
7890, 444,{}
7890, 555,{"firsttimebuyer":"true"}
7890, 111, {"firsttimebuyer":"true"}
7890, 222,{"firsttimebuyer":"false"}
7890, 333,{"firsttimebuyer":""}
7890, 444,{}
7890, 555,{"firsttimebuyer":"true"}
7890, 111, {"firsttimebuyer":"true"}
7890, 222,{"firsttimebuyer":"false"}
7890, 333,{"firsttimebuyer":""}
7890, 444,{}
7890, 555,{"firsttimebuyer":"true"}
7890, 111, {"firsttimebuyer":"true"}
7890, 222,{"firsttimebuyer":"false"}
7890, 333,{"firsttimebuyer":""}
7890, 444,{}
7890, 555,{"firsttimebuyer":"true"}
7890, 111, {"firsttimebuyer":"true"}
7890, 222,{"firsttimebuyer":"false"}
7890, 333,{"firsttimebuyer":""}
7890, 444,{}
7890, 555,{"firsttimebuyer":"true"}
7890, 111, {"firsttimebuyer":"true"}
7890, 222,{"firsttimebuyer":"false"}
7890, 333,{"firsttimebuyer":""}
7890, 444,{}
7890, 555,{"firsttimebuyer":"true"}
7890, 111, {"firsttimebuyer":"true"}
7890, 222,{"firsttimebuyer":"false"}
7890, 333,{"firsttimebuyer":""}
7890, 444,{}
7890, 555,{"firsttimebuyer":"true"}
7890, 111, {"firsttimebuyer":"true"}
7890, 222,{"firsttimebuyer":"false"}
7890, 333,{"firsttimebuyer":""}
7890, 444,{}
7890, 555,{"firsttimebuyer":"true"}
7890, 111, {"firsttimebuyer":"true"}
7890, 222,{"firsttimebuyer":"false"}
7890, 333,{"firsttimebuyer":""}
7890, 444,{}
7890, 555,{"firsttimebuyer":"true"}
7890, 111, {"firsttimebuyer":"true"}
7890, 222,{"firsttimebuyer":"false"}
7890, 333,{"firsttimebuyer":""}
7890, 444,{}
7890, 555,{"firsttimebuyer":"true"}
7890, 111, {"firsttimebuyer":"true"}
7890, 222,{"firsttimebuyer":"false"}
7890, 333,{"firsttimebuyer":""}
7890, 444,{}
7890, 555,{"firsttimebuyer":"true"}
7890, 111, {"firsttimebuyer":"true"}
7890, 222,{"firsttimebuyer":"false"}
7890, 333,{"firsttimebuyer":""}
7890, 444,{}
7890, 555,{"firsttimebuyer":"true"}